/* 6 задание */ 
CREATE SEQUENCE seq_caterer
  START WITH 1
  INCREMENT BY 1;
CREATE SEQUENCE seq_deliver
  START WITH 1
  INCREMENT BY 1;
CREATE SEQUENCE seq_employer
  START WITH 1
  INCREMENT BY 1;
CREATE SEQUENCE seq_group
  START WITH 1
  INCREMENT BY 1;
CREATE SEQUENCE seq_inprice
  START WITH 1
  INCREMENT BY 1;
CREATE SEQUENCE seq_material
  START WITH 1
  INCREMENT BY 1;
CREATE SEQUENCE seq_messure
  START WITH 1
  INCREMENT BY 1;
CREATE SEQUENCE seq_section
  START WITH 1
  INCREMENT BY 1;
CREATE SEQUENCE seq_store
  START WITH 1
  INCREMENT BY 1;
CREATE SEQUENCE seq_supply
  START WITH 1
  INCREMENT BY 1;
CREATE SEQUENCE seq_supplus
  START WITH 1
  INCREMENT BY 1; 

  

/*7 задание*/
INSERT INTO t_caterer (id_caterer,name,phone,fax ,legal_address,fact_address,e_mail)
  VALUES (SEQ_CATERER.NEXTVAL, 'name1', 2245642, 245365,'г.Пермь, ул. Ленина 1','г.Пермь, ул. Ленина 1','name1_ww@mail.ru'); 
 INSERT INTO t_caterer (id_caterer,name,phone,fax,legal_address,fact_address,e_mail)
   VALUES (SEQ_CATERER.NEXTVAL, 'name2', 2243542, 245685,'г.Пермь, ул. Ленина 2','г.Пермь, ул. Ленина 2','name2_ww@mail.ru'); 
  INSERT INTO t_caterer (id_caterer,name,phone,fax,legal_address,fact_address,e_mail)
    VALUES (SEQ_CATERER.NEXTVAL, 'name3', 2242442, 584612,'г.Пермь, ул. Ленина 3','г.Пермь, ул. Ленина 3','name3_ww@mail.ru');
   INSERT INTO t_caterer (id_caterer,name,phone,fax,legal_address,fact_address,e_mail)
     VALUES (SEQ_CATERER.NEXTVAL, 'name4', 2243232, 585684,'г.Пермь, ул. Ленина 4','г.Пермь, ул. Ленина 4','name4_ww@mail.ru');  
    INSERT INTO t_caterer (id_caterer,name,phone,fax,legal_address,fact_address,e_mail)
      VALUES (SEQ_CATERER.NEXTVAL, 'name5', 224502, 586544,'г.Пермь, ул. Ленина 5','г.Пермь, ул. Ленина 5','name5_ww@mail.ru');

INSERT INTO T_DELIVER (ID_DELIVER,ID_SECTION,ID_MATERIAL,ID_STORE,DELIVER_DATE)
  VALUES (SEQ_DELIVER.NEXTVAL,1,1,1, '21.05.2017');
 INSERT INTO T_DELIVER (ID_DELIVER,ID_SECTION,ID_MATERIAL,ID_STORE,DELIVER_DATE)
   VALUES (SEQ_DELIVER.NEXTVAL,2,2,2,'25.05.2017');
  INSERT INTO T_DELIVER (ID_DELIVER,ID_SECTION,ID_MATERIAL,ID_STORE,DELIVER_DATE)
    VALUES (SEQ_DELIVER.NEXTVAL,3,3,3, '18.06.2017');
   INSERT INTO T_DELIVER (ID_DELIVER,ID_SECTION,ID_MATERIAL,ID_STORE,DELIVER_DATE)
     VALUES (SEQ_DELIVER.NEXTVAL,4,4,4, '10.06.2017');
    INSERT INTO T_DELIVER (ID_DELIVER,ID_SECTION,ID_MATERIAL,ID_STORE,DELIVER_DATE)
      VALUES (SEQ_DELIVER.NEXTVAL,5,5,5, '08.04.2017');

INSERT INTO T_EMPLOYER (ID_EMPLOYER,SURNAME,NAME,FATHER_NAME)
  VALUES (SEQ_EMPLOYER.NEXTVAL,'Фамилия','Имя1','Отчество');
 INSERT INTO T_EMPLOYER (ID_EMPLOYER,SURNAME,NAME,FATHER_NAME)
   VALUES (SEQ_EMPLOYER.NEXTVAL,'Фамилия','Имя2','Отчество');
  INSERT INTO T_EMPLOYER (ID_EMPLOYER,SURNAME,NAME,FATHER_NAME) 
    VALUES (SEQ_EMPLOYER.NEXTVAL,'Фамилия','Имя3','Отчество');
   INSERT INTO T_EMPLOYER (ID_EMPLOYER,SURNAME,NAME,FATHER_NAME)
     VALUES (SEQ_EMPLOYER.NEXTVAL,'Фамилия','Имя4','Отчество');
    INSERT INTO T_EMPLOYER (ID_EMPLOYER,SURNAME,NAME,FATHER_NAME)
      VALUES (SEQ_EMPLOYER.NEXTVAL,'Фамилия','Имя5','Отчество');

INSERT INTO T_GROUP (ID_GROUP,NAME)
  VALUES (SEQ_GROUP.NEXTVAL, 'group1');
 INSERT INTO T_GROUP (ID_GROUP,NAME)
   VALUES (SEQ_GROUP.NEXTVAL, 'group2');
  INSERT INTO T_GROUP (ID_GROUP,NAME)
    VALUES (SEQ_GROUP.NEXTVAL, 'group3');
   INSERT INTO T_GROUP (ID_GROUP,NAME)
     VALUES (SEQ_GROUP.NEXTVAL, 'group4');
    INSERT INTO T_GROUP (ID_GROUP,NAME)
      VALUES (SEQ_GROUP.NEXTVAL, 'group5');

INSERT INTO T_INPRICE (ID_MATERIAL,PRICE_DATE,PRICE)
  VALUES (SEQ_INPRICE.NEXTVAL, '11.06.2011',196);
 INSERT INTO T_INPRICE (ID_MATERIAL,PRICE_DATE,PRICE)
   VALUES (SEQ_INPRICE.NEXTVAL, '21.05.2012',156);
  INSERT INTO T_INPRICE (ID_MATERIAL,PRICE_DATE,PRICE)
    VALUES (SEQ_INPRICE.NEXTVAL, '16.02.2007',456);
   INSERT INTO T_INPRICE (ID_MATERIAL,PRICE_DATE,PRICE)
     VALUES (SEQ_INPRICE.NEXTVAL, '25.04.2017',245);
    INSERT INTO T_INPRICE (ID_MATERIAL,PRICE_DATE,PRICE)
      VALUES (SEQ_INPRICE.NEXTVAL, '14.09.2011',356); 

INSERT INTO T_MATERIAL (ID_MATERIAL, NAME, ID_MESSURE, ID_GROUP)
  VALUES (SEQ_MATERIAL.NEXTVAL, 'name1', 1, 1);
 INSERT INTO T_MATERIAL (ID_MATERIAL, NAME, ID_MESSURE, ID_GROUP)
   VALUES (SEQ_MATERIAL.NEXTVAL, 'name2', 2, 2);
  INSERT INTO T_MATERIAL (ID_MATERIAL, NAME, ID_MESSURE, ID_GROUP)
    VALUES (SEQ_MATERIAL.NEXTVAL, 'name3', 3, 3);
   INSERT INTO T_MATERIAL (ID_MATERIAL, NAME, ID_MESSURE, ID_GROUP)
     VALUES (SEQ_MATERIAL.NEXTVAL, 'name4', 4, 4);
    INSERT INTO T_MATERIAL (ID_MATERIAL, NAME, ID_MESSURE, ID_GROUP)
      VALUES (SEQ_MATERIAL.NEXTVAL, 'name5', 5, 5);

INSERT INTO T_MESSURE (ID_MESSURE, NAME)
  VALUES (SEQ_MESSURE.NEXTVAL, 'ШТ');
 INSERT INTO T_MESSURE (ID_MESSURE, NAME)
   VALUES (SEQ_MESSURE.NEXTVAL, 'М');
  INSERT INTO T_MESSURE (ID_MESSURE, NAME)
    VALUES (SEQ_MESSURE.NEXTVAL, 'КГ');
   INSERT INTO T_MESSURE (ID_MESSURE, NAME)
     VALUES (SEQ_MESSURE.NEXTVAL, 'Л');
    INSERT INTO T_MESSURE (ID_MESSURE, NAME)
      VALUES (SEQ_MESSURE.NEXTVAL, 'Т');

INSERT INTO T_SECTION (ID_SECTION, NAME, ID_EMPLOYER)
  VALUES (SEQ_SECTION.NEXTVAL, 'name1', 1);
 INSERT INTO T_SECTION (ID_SECTION, NAME, ID_EMPLOYER)
   VALUES (SEQ_SECTION.NEXTVAL, 'name2', 2);
  INSERT INTO T_SECTION (ID_SECTION, NAME, ID_EMPLOYER)
    VALUES (SEQ_SECTION.NEXTVAL, 'name3', 3);
   INSERT INTO T_SECTION (ID_SECTION, NAME, ID_EMPLOYER)
     VALUES (SEQ_SECTION.NEXTVAL, 'name4', 4);
    INSERT INTO T_SECTION (ID_SECTION, NAME, ID_EMPLOYER)
      VALUES (SEQ_SECTION.NEXTVAL, 'name5', 5);
 
INSERT INTO T_STORE (ID_STORE, NAME)
  VALUES (SEQ_STORE.NEXTVAL, 'name1');
 INSERT INTO T_STORE (ID_STORE, NAME)
   VALUES (SEQ_STORE.NEXTVAL, 'name2');
  INSERT INTO T_STORE (ID_STORE, NAME)
    VALUES (SEQ_STORE.NEXTVAL, 'name3');
   INSERT INTO T_STORE (ID_STORE, NAME)
     VALUES (SEQ_STORE.NEXTVAL, 'name4');
    INSERT INTO T_STORE (ID_STORE, NAME)
      VALUES (SEQ_STORE.NEXTVAL, 'name5');

INSERT INTO T_SUPPLY (ID_SUPPLY, ID_CATERER, ID_MATERIAL, ID_STORE, SUPPLY_DATE, VOLUME)
  VALUES (SEQ_SUPPLY.NEXTVAL, 1, 2, 3, SYSDATE, 23);
 INSERT INTO T_SUPPLY (ID_SUPPLY, ID_CATERER, ID_MATERIAL, ID_STORE, SUPPLY_DATE, VOLUME)
   VALUES (SEQ_SUPPLY.NEXTVAL, 2, 3, 4, SYSDATE, 23);
  INSERT INTO T_SUPPLY (ID_SUPPLY, ID_CATERER, ID_MATERIAL, ID_STORE, SUPPLY_DATE, VOLUME)
    VALUES (SEQ_SUPPLY.NEXTVAL, 3, 4, 5, SYSDATE, 43);
   INSERT INTO T_SUPPLY (ID_SUPPLY, ID_CATERER, ID_MATERIAL, ID_STORE, SUPPLY_DATE, VOLUME)
     VALUES (SEQ_SUPPLY.NEXTVAL, 4, 5, 1, SYSDATE, 54);
    INSERT INTO T_SUPPLY (ID_SUPPLY, ID_CATERER, ID_MATERIAL, ID_STORE, SUPPLY_DATE, VOLUME)
      VALUES (SEQ_SUPPLY.NEXTVAL, 5, 1, 2, SYSDATE, 66);

INSERT INTO T_SURPLUS (ID_MATERIAL, ID_STORE, VOLUME)
  VALUES (1, 5, 55);
 INSERT INTO T_SURPLUS (ID_MATERIAL, ID_STORE, VOLUME)
   VALUES (2, 4, 12);
  INSERT INTO T_SURPLUS (ID_MATERIAL, ID_STORE, VOLUME)
    VALUES (3, 3, 81);
   INSERT INTO T_SURPLUS (ID_MATERIAL, ID_STORE, VOLUME)
     VALUES (4, 2, 46);
    INSERT INTO T_SURPLUS (ID_MATERIAL, ID_STORE, VOLUME)
      VALUES (5, 1, 79);

/*8 задание*/
DELETE FROM T_INPRICE
 WHERE PRICE_DATE < '31.12.2000';

/*9 задание*/
 DELETE FROM T_MESSURE
   WHERE NAME LIKE '_';
 
 /*10 задание*/
 UPDATE T_SURPLUS 
  SET VOLUME = 0
    WHERE ID_STORE LIKE 2 ;

 /*11 задание
  ДР и СП в БД я не указывала, поэтому изменю те данные, что есть*/
 UPDATE T_EMPLOYER
   SET NAME = 'Вася', SURNAME = 'Сидоров'
     WHERE ID_EMPLOYER LIKE 1;

 /*12 задание*/
 UPDATE T_CATERER
   SET PHONE = 2248149
     WHERE NAME LIKE 'Имя1';
 
 /*13 задание*/
 UPDATE T_INPRICE 
   SET PRICE = PRICE * 0.85
     WHERE PRICE_DATE LIKE '%2017%'